-- Sample data for H2 Database (Development/Test)
-- 對齊 Oracle UAT 實際資料表結構

-- ================================================================
-- Feature: 001-keycloak-user-login
-- ================================================================

-- TBL_CHANNEL (通路/系統別)
INSERT INTO TBL_CHANNEL (CHANNEL_ID, CHANNEL_NAME, STATUS) VALUES ('SO', 'Special Order', 'Y');
INSERT INTO TBL_CHANNEL (CHANNEL_ID, CHANNEL_NAME, STATUS) VALUES ('TTS', 'TTS', 'Y');
INSERT INTO TBL_CHANNEL (CHANNEL_ID, CHANNEL_NAME, STATUS) VALUES ('APP', 'APP', 'Y');

-- TBL_STORE (店別)
INSERT INTO TBL_STORE (STORE_ID, CHANNEL_ID, STORE_NAME, STATUS) VALUES ('S001', 'SO', '台北旗艦店', 'Y');
INSERT INTO TBL_STORE (STORE_ID, CHANNEL_ID, STORE_NAME, STATUS) VALUES ('S002', 'SO', '新竹店', 'Y');
INSERT INTO TBL_STORE (STORE_ID, CHANNEL_ID, STORE_NAME, STATUS) VALUES ('S003', 'SO', '台中店', 'Y');
INSERT INTO TBL_STORE (STORE_ID, CHANNEL_ID, STORE_NAME, STATUS) VALUES ('S004', 'SO', '高雄店', 'Y');
INSERT INTO TBL_STORE (STORE_ID, CHANNEL_ID, STORE_NAME, STATUS) VALUES ('S005', 'SO', '台南店', 'Y');
INSERT INTO TBL_STORE (STORE_ID, CHANNEL_ID, STORE_NAME, STATUS) VALUES ('T001', 'TTS', 'TTS門市A', 'Y');
INSERT INTO TBL_STORE (STORE_ID, CHANNEL_ID, STORE_NAME, STATUS) VALUES ('T002', 'TTS', 'TTS門市B', 'Y');
INSERT INTO TBL_STORE (STORE_ID, CHANNEL_ID, STORE_NAME, STATUS) VALUES ('A001', 'APP', 'APP門市A', 'Y');

-- TBL_USER (使用者)
-- User 1: Active user with SO,TTS permissions
INSERT INTO TBL_USER (EMP_ID, CHANNEL_ID, STORE_ID, EMP_NAME, SYSTEM_FLAG, DISABLED_FLAG, START_DATE, END_DATE)
VALUES ('john.doe', 'SO', 'S001', '張三', 'SO,TTS', NULL, '2024-01-01', '2025-12-31');

-- User 2: Active user with all permissions (全區)
INSERT INTO TBL_USER (EMP_ID, CHANNEL_ID, STORE_ID, EMP_NAME, SYSTEM_FLAG, DISABLED_FLAG, START_DATE, END_DATE)
VALUES ('admin.user', 'SO', NULL, '系統管理員', 'SO,TTS,APP', NULL, '2024-01-01', '2026-12-31');

-- User 3: Active user with SO only
INSERT INTO TBL_USER (EMP_ID, CHANNEL_ID, STORE_ID, EMP_NAME, SYSTEM_FLAG, DISABLED_FLAG, START_DATE, END_DATE)
VALUES ('mary.wang', 'SO', 'S003', '王小美', 'SO', NULL, '2024-06-01', '2025-12-31');

-- User 4: Disabled user
INSERT INTO TBL_USER (EMP_ID, CHANNEL_ID, STORE_ID, EMP_NAME, SYSTEM_FLAG, DISABLED_FLAG, START_DATE, END_DATE)
VALUES ('disabled.user', 'SO', 'S002', '已停用帳號', 'SO', 'Y', '2024-01-01', '2025-12-31');

-- User 5: Expired user
INSERT INTO TBL_USER (EMP_ID, CHANNEL_ID, STORE_ID, EMP_NAME, SYSTEM_FLAG, DISABLED_FLAG, START_DATE, END_DATE)
VALUES ('expired.user', 'SO', 'S001', '過期帳號', 'SO', NULL, '2023-01-01', '2023-12-31');

-- User 6: User without SYSTEM_FLAG
INSERT INTO TBL_USER (EMP_ID, CHANNEL_ID, STORE_ID, EMP_NAME, SYSTEM_FLAG, DISABLED_FLAG, START_DATE, END_DATE)
VALUES ('no.permission', 'SO', 'S001', '無權限帳號', NULL, NULL, '2024-01-01', '2025-12-31');

-- User 7: User without dates set
INSERT INTO TBL_USER (EMP_ID, CHANNEL_ID, STORE_ID, EMP_NAME, SYSTEM_FLAG, DISABLED_FLAG, START_DATE, END_DATE)
VALUES ('no.dates', 'SO', 'S001', '未設日期帳號', 'SO', NULL, NULL, NULL);

-- User 8: SIT 測試帳號 (對應 Keycloak H00199/Aa123456)
INSERT INTO TBL_USER (EMP_ID, CHANNEL_ID, STORE_ID, EMP_NAME, SYSTEM_FLAG, DISABLED_FLAG, START_DATE, END_DATE)
VALUES ('H00199', 'SO', 'S001', 'SIT測試人員', 'SO,TTS,APP', NULL, '2024-01-01', '2026-12-31');

-- TBL_USER_MAST_STORE (使用者主店別)
INSERT INTO TBL_USER_MAST_STORE (EMP_ID, STORE_ID, CHANNEL_ID) VALUES ('john.doe', 'S001', 'SO');
INSERT INTO TBL_USER_MAST_STORE (EMP_ID, STORE_ID, CHANNEL_ID) VALUES ('admin.user', NULL, 'SO');
INSERT INTO TBL_USER_MAST_STORE (EMP_ID, STORE_ID, CHANNEL_ID) VALUES ('mary.wang', 'S003', 'SO');
INSERT INTO TBL_USER_MAST_STORE (EMP_ID, STORE_ID, CHANNEL_ID) VALUES ('disabled.user', 'S002', 'SO');
INSERT INTO TBL_USER_MAST_STORE (EMP_ID, STORE_ID, CHANNEL_ID) VALUES ('H00199', 'S001', 'SO');

-- TBL_USER_STORE (使用者支援店別)
INSERT INTO TBL_USER_STORE (EMP_ID, STORE_ID, CHANNEL_ID) VALUES ('john.doe', 'S002', 'SO');
INSERT INTO TBL_USER_STORE (EMP_ID, STORE_ID, CHANNEL_ID) VALUES ('john.doe', 'S003', 'SO');
INSERT INTO TBL_USER_STORE (EMP_ID, STORE_ID, CHANNEL_ID) VALUES ('mary.wang', 'S004', 'SO');
INSERT INTO TBL_USER_STORE (EMP_ID, STORE_ID, CHANNEL_ID) VALUES ('mary.wang', 'S005', 'SO');
INSERT INTO TBL_USER_STORE (EMP_ID, STORE_ID, CHANNEL_ID) VALUES ('H00199', 'S002', 'SO');
INSERT INTO TBL_USER_STORE (EMP_ID, STORE_ID, CHANNEL_ID) VALUES ('H00199', 'S003', 'SO');

-- ================================================================
-- Feature: 002-create-order 測試資料
-- 注意：商品主檔為 TBL_SKU，價格在 TBL_SKU_STORE
-- ================================================================

-- TBL_SKU (商品主檔) - 商品基本資訊
INSERT INTO TBL_SKU (SKU_NO, SKU_NAME, BARCODE, SKU_TYPE, SUB_DEPT_ID, CLASS_ID, TAX_TYPE, SKU_STATUS, SO_FLAG, FREE_DELIVER)
VALUES ('014014014', '測試冰箱 500L', '4710000140140', 'NORMAL', 'D01', 'C01', '1', 'Y', 'N', 'N');

INSERT INTO TBL_SKU (SKU_NO, SKU_NAME, BARCODE, SKU_TYPE, SUB_DEPT_ID, CLASS_ID, TAX_TYPE, SKU_STATUS, SO_FLAG, FREE_DELIVER)
VALUES ('015015015', '測試洗衣機 15KG', '4710000150150', 'NORMAL', 'D01', 'C02', '1', 'Y', 'N', 'N');

INSERT INTO TBL_SKU (SKU_NO, SKU_NAME, BARCODE, SKU_TYPE, SUB_DEPT_ID, CLASS_ID, TAX_TYPE, SKU_STATUS, SO_FLAG, FREE_DELIVER)
VALUES ('016016016', '測試冷氣 分離式 1對1', '4710000160160', 'NORMAL', 'D02', 'C03', '1', 'Y', 'N', 'N');

INSERT INTO TBL_SKU (SKU_NO, SKU_NAME, BARCODE, SKU_TYPE, SUB_DEPT_ID, CLASS_ID, TAX_TYPE, SKU_STATUS, SO_FLAG, FREE_DELIVER)
VALUES ('017017017', '測試電視 55吋', '4710000170170', 'NORMAL', 'D03', 'C04', '2', 'Y', 'N', 'N');

INSERT INTO TBL_SKU (SKU_NO, SKU_NAME, BARCODE, SKU_TYPE, SUB_DEPT_ID, CLASS_ID, TAX_TYPE, SKU_STATUS, SO_FLAG, FREE_DELIVER)
VALUES ('018018018', '測試淨水器', '4710000180180', 'NORMAL', 'D04', 'C05', '0', 'Y', 'N', 'N');

INSERT INTO TBL_SKU (SKU_NO, SKU_NAME, BARCODE, SKU_TYPE, SUB_DEPT_ID, CLASS_ID, TAX_TYPE, SKU_STATUS, SO_FLAG, FREE_DELIVER)
VALUES ('019019019', '已停售商品', '4710000190190', 'NORMAL', 'D01', 'C01', '1', 'N', 'N', 'N');

INSERT INTO TBL_SKU (SKU_NO, SKU_NAME, BARCODE, SKU_TYPE, SUB_DEPT_ID, CLASS_ID, TAX_TYPE, SKU_STATUS, SO_FLAG, FREE_DELIVER)
VALUES ('020020020', '可直送大型家具', '4710000200200', 'NORMAL', 'D05', 'C06', '1', 'Y', 'Y', 'N');

INSERT INTO TBL_SKU (SKU_NO, SKU_NAME, BARCODE, SKU_TYPE, SUB_DEPT_ID, CLASS_ID, TAX_TYPE, SKU_STATUS, SO_FLAG, FREE_DELIVER)
VALUES ('021021021', '免運小家電', '4710000210210', 'NORMAL', 'D06', 'C07', '1', 'Y', 'N', 'Y');

-- TBL_SKU_STORE (門店商品) - 各店別的價格資訊
-- S001 台北旗艦店 商品價格
INSERT INTO TBL_SKU_STORE (STORE_ID, SKU_NO, CHANNEL_ID, MARKET_PRICE, REGULAR_PRICE, POS_AMT, AVG_COST, SKU_STATUS, ALLOW_SALES, HOLD_ORDER)
VALUES ('S001', '014014014', 'SO', 35000, 32000, 29900, 20000, 'Y', 'Y', 'N');
INSERT INTO TBL_SKU_STORE (STORE_ID, SKU_NO, CHANNEL_ID, MARKET_PRICE, REGULAR_PRICE, POS_AMT, AVG_COST, SKU_STATUS, ALLOW_SALES, HOLD_ORDER)
VALUES ('S001', '015015015', 'SO', 28000, 25000, 23900, 16000, 'Y', 'Y', 'N');
INSERT INTO TBL_SKU_STORE (STORE_ID, SKU_NO, CHANNEL_ID, MARKET_PRICE, REGULAR_PRICE, POS_AMT, AVG_COST, SKU_STATUS, ALLOW_SALES, HOLD_ORDER)
VALUES ('S001', '016016016', 'SO', 45000, 42000, 39900, 28000, 'Y', 'Y', 'N');
INSERT INTO TBL_SKU_STORE (STORE_ID, SKU_NO, CHANNEL_ID, MARKET_PRICE, REGULAR_PRICE, POS_AMT, AVG_COST, SKU_STATUS, ALLOW_SALES, HOLD_ORDER)
VALUES ('S001', '017017017', 'SO', 32000, 30000, 28900, 18000, 'Y', 'Y', 'N');
INSERT INTO TBL_SKU_STORE (STORE_ID, SKU_NO, CHANNEL_ID, MARKET_PRICE, REGULAR_PRICE, POS_AMT, AVG_COST, SKU_STATUS, ALLOW_SALES, HOLD_ORDER)
VALUES ('S001', '018018018', 'SO', 12000, 11000, 9900, 6000, 'Y', 'Y', 'N');
INSERT INTO TBL_SKU_STORE (STORE_ID, SKU_NO, CHANNEL_ID, MARKET_PRICE, REGULAR_PRICE, POS_AMT, AVG_COST, SKU_STATUS, ALLOW_SALES, HOLD_ORDER)
VALUES ('S001', '019019019', 'SO', 25000, 23000, 21900, 15000, 'N', 'N', 'N');
INSERT INTO TBL_SKU_STORE (STORE_ID, SKU_NO, CHANNEL_ID, MARKET_PRICE, REGULAR_PRICE, POS_AMT, AVG_COST, SKU_STATUS, ALLOW_SALES, HOLD_ORDER)
VALUES ('S001', '020020020', 'SO', 55000, 52000, 49900, 35000, 'Y', 'Y', 'N');
INSERT INTO TBL_SKU_STORE (STORE_ID, SKU_NO, CHANNEL_ID, MARKET_PRICE, REGULAR_PRICE, POS_AMT, AVG_COST, SKU_STATUS, ALLOW_SALES, HOLD_ORDER)
VALUES ('S001', '021021021', 'SO', 3500, 3200, 2990, 2000, 'Y', 'Y', 'N');

-- S002 新竹店 商品價格 (部分商品有不同價格)
INSERT INTO TBL_SKU_STORE (STORE_ID, SKU_NO, CHANNEL_ID, MARKET_PRICE, REGULAR_PRICE, POS_AMT, AVG_COST, SKU_STATUS, ALLOW_SALES, HOLD_ORDER)
VALUES ('S002', '014014014', 'SO', 35000, 32000, 28900, 20000, 'Y', 'Y', 'N');
INSERT INTO TBL_SKU_STORE (STORE_ID, SKU_NO, CHANNEL_ID, MARKET_PRICE, REGULAR_PRICE, POS_AMT, AVG_COST, SKU_STATUS, ALLOW_SALES, HOLD_ORDER)
VALUES ('S002', '015015015', 'SO', 28000, 25000, 22900, 16000, 'Y', 'Y', 'N');
INSERT INTO TBL_SKU_STORE (STORE_ID, SKU_NO, CHANNEL_ID, MARKET_PRICE, REGULAR_PRICE, POS_AMT, AVG_COST, SKU_STATUS, ALLOW_SALES, HOLD_ORDER)
VALUES ('S002', '016016016', 'SO', 45000, 42000, 38900, 28000, 'Y', 'Y', 'N');

-- S003 台中店 商品價格
INSERT INTO TBL_SKU_STORE (STORE_ID, SKU_NO, CHANNEL_ID, MARKET_PRICE, REGULAR_PRICE, POS_AMT, AVG_COST, SKU_STATUS, ALLOW_SALES, HOLD_ORDER)
VALUES ('S003', '014014014', 'SO', 35000, 32000, 29900, 20000, 'Y', 'Y', 'N');
INSERT INTO TBL_SKU_STORE (STORE_ID, SKU_NO, CHANNEL_ID, MARKET_PRICE, REGULAR_PRICE, POS_AMT, AVG_COST, SKU_STATUS, ALLOW_SALES, HOLD_ORDER)
VALUES ('S003', '015015015', 'SO', 28000, 25000, 23900, 16000, 'Y', 'Y', 'N');
INSERT INTO TBL_SKU_STORE (STORE_ID, SKU_NO, CHANNEL_ID, MARKET_PRICE, REGULAR_PRICE, POS_AMT, AVG_COST, SKU_STATUS, ALLOW_SALES, HOLD_ORDER)
VALUES ('S003', '016016016', 'SO', 45000, 42000, 39900, 28000, 'Y', 'Y', 'N');

-- 暫停銷售商品 (HOLD_ORDER = Y)
INSERT INTO TBL_SKU_STORE (STORE_ID, SKU_NO, CHANNEL_ID, MARKET_PRICE, REGULAR_PRICE, POS_AMT, AVG_COST, SKU_STATUS, ALLOW_SALES, HOLD_ORDER)
VALUES ('S001', '022022022', 'SO', 15000, 14000, 12900, 8000, 'Y', 'Y', 'Y');
INSERT INTO TBL_SKU (SKU_NO, SKU_NAME, BARCODE, SKU_TYPE, SUB_DEPT_ID, CLASS_ID, TAX_TYPE, SKU_STATUS, SO_FLAG, FREE_DELIVER)
VALUES ('022022022', '暫停銷售商品', '4710000220220', 'NORMAL', 'D01', 'C01', '1', 'Y', 'N', 'N');
